Name,5_Prime_Buffer,5_Prime_Restriction,GC_Pro_Buffer,U6_Pro,HEK3_Spacer,Scaffold_start,Guide_RNA_Scaffold,10_BP_Landing_Pad,Plasmid_BC_Seq,PBS,Term_&_3_Prime_Restriction,Full_Seq,Synthethis_Approved_1yes_2delay_3no,Pro_Name,BC_ID_Number
Human_Weissman_RNU6-1p_1,ttatagtattagtagtagttcaggtagatcgtattcctagatagtctattatagtagatctagatctatgctagagctgagatcgtaaattagctagata,TAGTGAGGTCTCGGTGC,,gagggcctatttcccatgattccttcatatttgcatatacgatacaaggctgttagagagataattagaattaatttgactgtaaacacaaagatattagtacaaaatacgtgacgtagaaagtaataatttcttgggtagtttgcagttttaaaattatgttttaaaatggactatcatatgcttaccgtaacttgaaagtatttcgatttcttggctttatatatcttgtggaaaggacgaaacacc,GGCCCAGACTGAGCACGTGA,GTTTT,AGAGCTAGAAATAGCAAGTTAAAATAAGGCTAGTCCGTTATCAACTTGAAAAAGTGGGACCGAGTCGGTCC,TCTGCCATCA,GGTTG,CGTGCTCAGTCTG,TTTTTGAGACCTCCCTA,ttatagtattagtagtagttcaggtagatcgtattcctagatagtctattatagtagatctagatctatgctagagctgagatcgtaaattagctagataTAGTGAGGTCTCGGTGCgagggcctatttcccatgattccttcatatttgcatatacgatacaaggctgttagagagataattagaattaatttgactgtaaacacaaagatattagtacaaaatacgtgacgtagaaagtaataatttcttgggtagtttgcagttttaaaattatgttttaaaatggactatcatatgcttaccgtaacttgaaagtatttcgatttcttggctttatatatcttgtggaaaggacgaaacaccGGCCCAGACTGAGCACGTGAGTTTTAGAGCTAGAAATAGCAAGTTAAAATAAGGCTAGTCCGTTATCAACTTGAAAAAGTGGGACCGAGTCGGTCCTCTGCCATCAGGTTGCGTGCTCAGTCTGTTTTTGAGACCTCCCTA,1,Human_Weissman_RNU6-1p,1
Human_Weissman_RNU6-1p_2,ttatagtattagtagtagttcaggtagatcgtattcctagatagtctattatagtagatctagatctatgctagagctgagatcgtaaattagctagata,TAGTGAGGTCTCGGTGC,,gagggcctatttcccatgattccttcatatttgcatatacgatacaaggctgttagagagataattagaattaatttgactgtaaacacaaagatattagtacaaaatacgtgacgtagaaagtaataatttcttgggtagtttgcagttttaaaattatgttttaaaatggactatcatatgcttaccgtaacttgaaagtatttcgatttcttggctttatatatcttgtggaaaggacgaaacacc,GGCCCAGACTGAGCACGTGA,GTTTT,AGAGCTAGAAATAGCAAGTTAAAATAAGGCTAGTCCGTTATCAACTTGAAAAAGTGGGACCGAGTCGGTCC,TCTGCCATCA,CGGGC,CGTGCTCAGTCTG,TTTTTGAGACCTCCCTA,ttatagtattagtagtagttcaggtagatcgtattcctagatagtctattatagtagatctagatctatgctagagctgagatcgtaaattagctagataTAGTGAGGTCTCGGTGCgagggcctatttcccatgattccttcatatttgcatatacgatacaaggctgttagagagataattagaattaatttgactgtaaacacaaagatattagtacaaaatacgtgacgtagaaagtaataatttcttgggtagtttgcagttttaaaattatgttttaaaatggactatcatatgcttaccgtaacttgaaagtatttcgatttcttggctttatatatcttgtggaaaggacgaaacaccGGCCCAGACTGAGCACGTGAGTTTTAGAGCTAGAAATAGCAAGTTAAAATAAGGCTAGTCCGTTATCAACTTGAAAAAGTGGGACCGAGTCGGTCCTCTGCCATCACGGGCCGTGCTCAGTCTGTTTTTGAGACCTCCCTA,1,Human_Weissman_RNU6-1p,2
Human_Weissman_RNU6-1p_3,ttatagtattagtagtagttcaggtagatcgtattcctagatagtctattatagtagatctagatctatgctagagctgagatcgtaaattagctagata,TAGTGAGGTCTCGGTGC,,gagggcctatttcccatgattccttcatatttgcatatacgatacaaggctgttagagagataattagaattaatttgactgtaaacacaaagatattagtacaaaatacgtgacgtagaaagtaataatttcttgggtagtttgcagttttaaaattatgttttaaaatggactatcatatgcttaccgtaacttgaaagtatttcgatttcttggctttatatatcttgtggaaaggacgaaacacc,GGCCCAGACTGAGCACGTGA,GTTTT,AGAGCTAGAAATAGCAAGTTAAAATAAGGCTAGTCCGTTATCAACTTGAAAAAGTGGGACCGAGTCGGTCC,TCTGCCATCA,TAGGC,CGTGCTCAGTCTG,TTTTTGAGACCTCCCTA,ttatagtattagtagtagttcaggtagatcgtattcctagatagtctattatagtagatctagatctatgctagagctgagatcgtaaattagctagataTAGTGAGGTCTCGGTGCgagggcctatttcccatgattccttcatatttgcatatacgatacaaggctgttagagagataattagaattaatttgactgtaaacacaaagatattagtacaaaatacgtgacgtagaaagtaataatttcttgggtagtttgcagttttaaaattatgttttaaaatggactatcatatgcttaccgtaacttgaaagtatttcgatttcttggctttatatatcttgtggaaaggacgaaacaccGGCCCAGACTGAGCACGTGAGTTTTAGAGCTAGAAATAGCAAGTTAAAATAAGGCTAGTCCGTTATCAACTTGAAAAAGTGGGACCGAGTCGGTCCTCTGCCATCATAGGCCGTGCTCAGTCTGTTTTTGAGACCTCCCTA,1,Human_Weissman_RNU6-1p,3
Human_Weissman_RNU6-1p_4,ttatagtattagtagtagttcaggtagatcgtattcctagatagtctattatagtagatctagatctatgctagagctgagatcgtaaattagctagata,TAGTGAGGTCTCGGTGC,,gagggcctatttcccatgattccttcatatttgcatatacgatacaaggctgttagagagataattagaattaatttgactgtaaacacaaagatattagtacaaaatacgtgacgtagaaagtaataatttcttgggtagtttgcagttttaaaattatgttttaaaatggactatcatatgcttaccgtaacttgaaagtatttcgatttcttggctttatatatcttgtggaaaggacgaaacacc,GGCCCAGACTGAGCACGTGA,GTTTT,AGAGCTAGAAATAGCAAGTTAAAATAAGGCTAGTCCGTTATCAACTTGAAAAAGTGGGACCGAGTCGGTCC,TCTGCCATCA,GACCT,CGTGCTCAGTCTG,TTTTTGAGACCTCCCTA,ttatagtattagtagtagttcaggtagatcgtattcctagatagtctattatagtagatctagatctatgctagagctgagatcgtaaattagctagataTAGTGAGGTCTCGGTGCgagggcctatttcccatgattccttcatatttgcatatacgatacaaggctgttagagagataattagaattaatttgactgtaaacacaaagatattagtacaaaatacgtgacgtagaaagtaataatttcttgggtagtttgcagttttaaaattatgttttaaaatggactatcatatgcttaccgtaacttgaaagtatttcgatttcttggctttatatatcttgtggaaaggacgaaacaccGGCCCAGACTGAGCACGTGAGTTTTAGAGCTAGAAATAGCAAGTTAAAATAAGGCTAGTCCGTTATCAACTTGAAAAAGTGGGACCGAGTCGGTCCTCTGCCATCAGACCTCGTGCTCAGTCTGTTTTTGAGACCTCCCTA,1,Human_Weissman_RNU6-1p,4
MinRNU6-1p_1,ttatagtattagtagtagttcaggtagatcgtattcctagatagtctattatagtagatctagatctatgctagagctgagatcgtaaattagctagata,TAGTGAGGTCTCGGTGC,,GAGGGCCTATTTCCCATGATTCCTTCATATTTGCATATACGATAGCTTACCGTAACTTGA AAGTATTTCGATTTCTTGGCTTTATATATCTTGTGGAAAGGACGAAACACC,GGCCCAGACTGAGCACGTGA,GTTTT,AGAGCTAGAAATAGCAAGTTAAAATAAGGCTAGTCCGTTATCAACTTGAAAAAGTGGGACCGAGTCGGTCC,TCTGCCATCA,GGTGC,CGTGCTCAGTCTG,TTTTTGAGACCTCCCTA,ttatagtattagtagtagttcaggtagatcgtattcctagatagtctattatagtagatctagatctatgctagagctgagatcgtaaattagctagataTAGTGAGGTCTCGGTGCGAGGGCCTATTTCCCATGATTCCTTCATATTTGCATATACGATAGCTTACCGTAACTTGA AAGTATTTCGATTTCTTGGCTTTATATATCTTGTGGAAAGGACGAAACACCGGCCCAGACTGAGCACGTGAGTTTTAGAGCTAGAAATAGCAAGTTAAAATAAGGCTAGTCCGTTATCAACTTGAAAAAGTGGGACCGAGTCGGTCCTCTGCCATCAGGTGCCGTGCTCAGTCTGTTTTTGAGACCTCCCTA,1,MinRNU6-1p,1
MinRNU6-1p_2,ttatagtattagtagtagttcaggtagatcgtattcctagatagtctattatagtagatctagatctatgctagagctgagatcgtaaattagctagata,TAGTGAGGTCTCGGTGC,,GAGGGCCTATTTCCCATGATTCCTTCATATTTGCATATACGATAGCTTACCGTAACTTGA AAGTATTTCGATTTCTTGGCTTTATATATCTTGTGGAAAGGACGAAACACC,GGCCCAGACTGAGCACGTGA,GTTTT,AGAGCTAGAAATAGCAAGTTAAAATAAGGCTAGTCCGTTATCAACTTGAAAAAGTGGGACCGAGTCGGTCC,TCTGCCATCA,TTACC,CGTGCTCAGTCTG,TTTTTGAGACCTCCCTA,ttatagtattagtagtagttcaggtagatcgtattcctagatagtctattatagtagatctagatctatgctagagctgagatcgtaaattagctagataTAGTGAGGTCTCGGTGCGAGGGCCTATTTCCCATGATTCCTTCATATTTGCATATACGATAGCTTACCGTAACTTGA AAGTATTTCGATTTCTTGGCTTTATATATCTTGTGGAAAGGACGAAACACCGGCCCAGACTGAGCACGTGAGTTTTAGAGCTAGAAATAGCAAGTTAAAATAAGGCTAGTCCGTTATCAACTTGAAAAAGTGGGACCGAGTCGGTCCTCTGCCATCATTACCCGTGCTCAGTCTGTTTTTGAGACCTCCCTA,1,MinRNU6-1p,2
MinRNU6-1p_3,ttatagtattagtagtagttcaggtagatcgtattcctagatagtctattatagtagatctagatctatgctagagctgagatcgtaaattagctagata,TAGTGAGGTCTCGGTGC,,GAGGGCCTATTTCCCATGATTCCTTCATATTTGCATATACGATAGCTTACCGTAACTTGA AAGTATTTCGATTTCTTGGCTTTATATATCTTGTGGAAAGGACGAAACACC,GGCCCAGACTGAGCACGTGA,GTTTT,AGAGCTAGAAATAGCAAGTTAAAATAAGGCTAGTCCGTTATCAACTTGAAAAAGTGGGACCGAGTCGGTCC,TCTGCCATCA,GGACT,CGTGCTCAGTCTG,TTTTTGAGACCTCCCTA,ttatagtattagtagtagttcaggtagatcgtattcctagatagtctattatagtagatctagatctatgctagagctgagatcgtaaattagctagataTAGTGAGGTCTCGGTGCGAGGGCCTATTTCCCATGATTCCTTCATATTTGCATATACGATAGCTTACCGTAACTTGA AAGTATTTCGATTTCTTGGCTTTATATATCTTGTGGAAAGGACGAAACACCGGCCCAGACTGAGCACGTGAGTTTTAGAGCTAGAAATAGCAAGTTAAAATAAGGCTAGTCCGTTATCAACTTGAAAAAGTGGGACCGAGTCGGTCCTCTGCCATCAGGACTCGTGCTCAGTCTGTTTTTGAGACCTCCCTA,1,MinRNU6-1p,3
MinRNU6-1p_4,ttatagtattagtagtagttcaggtagatcgtattcctagatagtctattatagtagatctagatctatgctagagctgagatcgtaaattagctagata,TAGTGAGGTCTCGGTGC,,GAGGGCCTATTTCCCATGATTCCTTCATATTTGCATATACGATAGCTTACCGTAACTTGA AAGTATTTCGATTTCTTGGCTTTATATATCTTGTGGAAAGGACGAAACACC,GGCCCAGACTGAGCACGTGA,GTTTT,AGAGCTAGAAATAGCAAGTTAAAATAAGGCTAGTCCGTTATCAACTTGAAAAAGTGGGACCGAGTCGGTCC,TCTGCCATCA,TACAG,CGTGCTCAGTCTG,TTTTTGAGACCTCCCTA,ttatagtattagtagtagttcaggtagatcgtattcctagatagtctattatagtagatctagatctatgctagagctgagatcgtaaattagctagataTAGTGAGGTCTCGGTGCGAGGGCCTATTTCCCATGATTCCTTCATATTTGCATATACGATAGCTTACCGTAACTTGA AAGTATTTCGATTTCTTGGCTTTATATATCTTGTGGAAAGGACGAAACACCGGCCCAGACTGAGCACGTGAGTTTTAGAGCTAGAAATAGCAAGTTAAAATAAGGCTAGTCCGTTATCAACTTGAAAAAGTGGGACCGAGTCGGTCCTCTGCCATCATACAGCGTGCTCAGTCTGTTTTTGAGACCTCCCTA,1,MinRNU6-1p,4
TATA_alone_RNU6-1p_1,ttatagtattagtagtagttcaggtagatcgtattcctagatagtctattatagtagatctagatctatgctagagctgagatcgtaaattagctagata,TAGTGAGGTCTCGGTGC,,TTTCGATTTCTTGGCTTTATATATCTTGTGGAAAGGACGAAACACC,GGCCCAGACTGAGCACGTGA,GTTTT,AGAGCTAGAAATAGCAAGTTAAAATAAGGCTAGTCCGTTATCAACTTGAAAAAGTGGGACCGAGTCGGTCC,TCTGCCATCA,GCTGC,CGTGCTCAGTCTG,TTTTTGAGACCTCCCTA,ttatagtattagtagtagttcaggtagatcgtattcctagatagtctattatagtagatctagatctatgctagagctgagatcgtaaattagctagataTAGTGAGGTCTCGGTGCTTTCGATTTCTTGGCTTTATATATCTTGTGGAAAGGACGAAACACCGGCCCAGACTGAGCACGTGAGTTTTAGAGCTAGAAATAGCAAGTTAAAATAAGGCTAGTCCGTTATCAACTTGAAAAAGTGGGACCGAGTCGGTCCTCTGCCATCAGCTGCCGTGCTCAGTCTGTTTTTGAGACCTCCCTA,1,TATA_alone_RNU6-1p,1
TATA_alone_RNU6-1p_2,ttatagtattagtagtagttcaggtagatcgtattcctagatagtctattatagtagatctagatctatgctagagctgagatcgtaaattagctagata,TAGTGAGGTCTCGGTGC,,TTTCGATTTCTTGGCTTTATATATCTTGTGGAAAGGACGAAACACC,GGCCCAGACTGAGCACGTGA,GTTTT,AGAGCTAGAAATAGCAAGTTAAAATAAGGCTAGTCCGTTATCAACTTGAAAAAGTGGGACCGAGTCGGTCC,TCTGCCATCA,CGGCT,CGTGCTCAGTCTG,TTTTTGAGACCTCCCTA,ttatagtattagtagtagttcaggtagatcgtattcctagatagtctattatagtagatctagatctatgctagagctgagatcgtaaattagctagataTAGTGAGGTCTCGGTGCTTTCGATTTCTTGGCTTTATATATCTTGTGGAAAGGACGAAACACCGGCCCAGACTGAGCACGTGAGTTTTAGAGCTAGAAATAGCAAGTTAAAATAAGGCTAGTCCGTTATCAACTTGAAAAAGTGGGACCGAGTCGGTCCTCTGCCATCACGGCTCGTGCTCAGTCTGTTTTTGAGACCTCCCTA,1,TATA_alone_RNU6-1p,2
TATA_alone_RNU6-1p_3,ttatagtattagtagtagttcaggtagatcgtattcctagatagtctattatagtagatctagatctatgctagagctgagatcgtaaattagctagata,TAGTGAGGTCTCGGTGC,,TTTCGATTTCTTGGCTTTATATATCTTGTGGAAAGGACGAAACACC,GGCCCAGACTGAGCACGTGA,GTTTT,AGAGCTAGAAATAGCAAGTTAAAATAAGGCTAGTCCGTTATCAACTTGAAAAAGTGGGACCGAGTCGGTCC,TCTGCCATCA,CTCGA,CGTGCTCAGTCTG,TTTTTGAGACCTCCCTA,ttatagtattagtagtagttcaggtagatcgtattcctagatagtctattatagtagatctagatctatgctagagctgagatcgtaaattagctagataTAGTGAGGTCTCGGTGCTTTCGATTTCTTGGCTTTATATATCTTGTGGAAAGGACGAAACACCGGCCCAGACTGAGCACGTGAGTTTTAGAGCTAGAAATAGCAAGTTAAAATAAGGCTAGTCCGTTATCAACTTGAAAAAGTGGGACCGAGTCGGTCCTCTGCCATCACTCGACGTGCTCAGTCTGTTTTTGAGACCTCCCTA,1,TATA_alone_RNU6-1p,3
TATA_alone_RNU6-1p_4,ttatagtattagtagtagttcaggtagatcgtattcctagatagtctattatagtagatctagatctatgctagagctgagatcgtaaattagctagata,TAGTGAGGTCTCGGTGC,,TTTCGATTTCTTGGCTTTATATATCTTGTGGAAAGGACGAAACACC,GGCCCAGACTGAGCACGTGA,GTTTT,AGAGCTAGAAATAGCAAGTTAAAATAAGGCTAGTCCGTTATCAACTTGAAAAAGTGGGACCGAGTCGGTCC,TCTGCCATCA,GGGGG,CGTGCTCAGTCTG,TTTTTGAGACCTCCCTA,ttatagtattagtagtagttcaggtagatcgtattcctagatagtctattatagtagatctagatctatgctagagctgagatcgtaaattagctagataTAGTGAGGTCTCGGTGCTTTCGATTTCTTGGCTTTATATATCTTGTGGAAAGGACGAAACACCGGCCCAGACTGAGCACGTGAGTTTTAGAGCTAGAAATAGCAAGTTAAAATAAGGCTAGTCCGTTATCAACTTGAAAAAGTGGGACCGAGTCGGTCCTCTGCCATCAGGGGGCGTGCTCAGTCTGTTTTTGAGACCTCCCTA,1,TATA_alone_RNU6-1p,4
PSE_TATA_RNU6-1p_1,ttatagtattagtagtagttcaggtagatcgtattcctagatagtctattatagtagatctagatctatgctagagctgagatcgtaaattagctagata,TAGTGAGGTCTCGGTGC,,ATACGATAGCTTACCGTAACTTGAAAGTATTTCGATTTCTTGGCTTTATATATCTTGTGG AAAGGACGAAACACC,GGCCCAGACTGAGCACGTGA,GTTTT,AGAGCTAGAAATAGCAAGTTAAAATAAGGCTAGTCCGTTATCAACTTGAAAAAGTGGGACCGAGTCGGTCC,TCTGCCATCA,TTTGC,CGTGCTCAGTCTG,TTTTTGAGACCTCCCTA,ttatagtattagtagtagttcaggtagatcgtattcctagatagtctattatagtagatctagatctatgctagagctgagatcgtaaattagctagataTAGTGAGGTCTCGGTGCATACGATAGCTTACCGTAACTTGAAAGTATTTCGATTTCTTGGCTTTATATATCTTGTGG AAAGGACGAAACACCGGCCCAGACTGAGCACGTGAGTTTTAGAGCTAGAAATAGCAAGTTAAAATAAGGCTAGTCCGTTATCAACTTGAAAAAGTGGGACCGAGTCGGTCCTCTGCCATCATTTGCCGTGCTCAGTCTGTTTTTGAGACCTCCCTA,1,PSE_TATA_RNU6-1p,1
PSE_TATA_RNU6-1p_2,ttatagtattagtagtagttcaggtagatcgtattcctagatagtctattatagtagatctagatctatgctagagctgagatcgtaaattagctagata,TAGTGAGGTCTCGGTGC,,ATACGATAGCTTACCGTAACTTGAAAGTATTTCGATTTCTTGGCTTTATATATCTTGTGG AAAGGACGAAACACC,GGCCCAGACTGAGCACGTGA,GTTTT,AGAGCTAGAAATAGCAAGTTAAAATAAGGCTAGTCCGTTATCAACTTGAAAAAGTGGGACCGAGTCGGTCC,TCTGCCATCA,GGTTC,CGTGCTCAGTCTG,TTTTTGAGACCTCCCTA,ttatagtattagtagtagttcaggtagatcgtattcctagatagtctattatagtagatctagatctatgctagagctgagatcgtaaattagctagataTAGTGAGGTCTCGGTGCATACGATAGCTTACCGTAACTTGAAAGTATTTCGATTTCTTGGCTTTATATATCTTGTGG AAAGGACGAAACACCGGCCCAGACTGAGCACGTGAGTTTTAGAGCTAGAAATAGCAAGTTAAAATAAGGCTAGTCCGTTATCAACTTGAAAAAGTGGGACCGAGTCGGTCCTCTGCCATCAGGTTCCGTGCTCAGTCTGTTTTTGAGACCTCCCTA,1,PSE_TATA_RNU6-1p,2
PSE_TATA_RNU6-1p_3,ttatagtattagtagtagttcaggtagatcgtattcctagatagtctattatagtagatctagatctatgctagagctgagatcgtaaattagctagata,TAGTGAGGTCTCGGTGC,,ATACGATAGCTTACCGTAACTTGAAAGTATTTCGATTTCTTGGCTTTATATATCTTGTGG AAAGGACGAAACACC,GGCCCAGACTGAGCACGTGA,GTTTT,AGAGCTAGAAATAGCAAGTTAAAATAAGGCTAGTCCGTTATCAACTTGAAAAAGTGGGACCGAGTCGGTCC,TCTGCCATCA,TAGTC,CGTGCTCAGTCTG,TTTTTGAGACCTCCCTA,ttatagtattagtagtagttcaggtagatcgtattcctagatagtctattatagtagatctagatctatgctagagctgagatcgtaaattagctagataTAGTGAGGTCTCGGTGCATACGATAGCTTACCGTAACTTGAAAGTATTTCGATTTCTTGGCTTTATATATCTTGTGG AAAGGACGAAACACCGGCCCAGACTGAGCACGTGAGTTTTAGAGCTAGAAATAGCAAGTTAAAATAAGGCTAGTCCGTTATCAACTTGAAAAAGTGGGACCGAGTCGGTCCTCTGCCATCATAGTCCGTGCTCAGTCTGTTTTTGAGACCTCCCTA,1,PSE_TATA_RNU6-1p,3
PSE_TATA_RNU6-1p_4,ttatagtattagtagtagttcaggtagatcgtattcctagatagtctattatagtagatctagatctatgctagagctgagatcgtaaattagctagata,TAGTGAGGTCTCGGTGC,,ATACGATAGCTTACCGTAACTTGAAAGTATTTCGATTTCTTGGCTTTATATATCTTGTGG AAAGGACGAAACACC,GGCCCAGACTGAGCACGTGA,GTTTT,AGAGCTAGAAATAGCAAGTTAAAATAAGGCTAGTCCGTTATCAACTTGAAAAAGTGGGACCGAGTCGGTCC,TCTGCCATCA,GTAGT,CGTGCTCAGTCTG,TTTTTGAGACCTCCCTA,ttatagtattagtagtagttcaggtagatcgtattcctagatagtctattatagtagatctagatctatgctagagctgagatcgtaaattagctagataTAGTGAGGTCTCGGTGCATACGATAGCTTACCGTAACTTGAAAGTATTTCGATTTCTTGGCTTTATATATCTTGTGG AAAGGACGAAACACCGGCCCAGACTGAGCACGTGAGTTTTAGAGCTAGAAATAGCAAGTTAAAATAAGGCTAGTCCGTTATCAACTTGAAAAAGTGGGACCGAGTCGGTCCTCTGCCATCAGTAGTCGTGCTCAGTCTGTTTTTGAGACCTCCCTA,1,PSE_TATA_RNU6-1p,4
SPH_OCT_TATA_RNU6-1p_1,ttatagtattagtagtagttcaggtagatcgtattcctagatagtctattatagtagatctagatctatgctagagctgagatcgtaaattagctagata,TAGTGAGGTCTCGGTGC,,GAGGGCCTATTTCCCATGATTCCTTCATATTTGCATTTTCGATTTCTTGGCTTTATATATC TTGTGGAAAGGACGAAAC,GGCCCAGACTGAGCACGTGA,GTTTT,AGAGCTAGAAATAGCAAGTTAAAATAAGGCTAGTCCGTTATCAACTTGAAAAAGTGGGACCGAGTCGGTCC,TCTGCCATCA,GACGG,CGTGCTCAGTCTG,TTTTTGAGACCTCCCTA,ttatagtattagtagtagttcaggtagatcgtattcctagatagtctattatagtagatctagatctatgctagagctgagatcgtaaattagctagataTAGTGAGGTCTCGGTGCGAGGGCCTATTTCCCATGATTCCTTCATATTTGCATTTTCGATTTCTTGGCTTTATATATC TTGTGGAAAGGACGAAACGGCCCAGACTGAGCACGTGAGTTTTAGAGCTAGAAATAGCAAGTTAAAATAAGGCTAGTCCGTTATCAACTTGAAAAAGTGGGACCGAGTCGGTCCTCTGCCATCAGACGGCGTGCTCAGTCTGTTTTTGAGACCTCCCTA,1,SPH_OCT_TATA_RNU6-1p,1
SPH_OCT_TATA_RNU6-1p_2,ttatagtattagtagtagttcaggtagatcgtattcctagatagtctattatagtagatctagatctatgctagagctgagatcgtaaattagctagata,TAGTGAGGTCTCGGTGC,,GAGGGCCTATTTCCCATGATTCCTTCATATTTGCATTTTCGATTTCTTGGCTTTATATATC TTGTGGAAAGGACGAAAC,GGCCCAGACTGAGCACGTGA,GTTTT,AGAGCTAGAAATAGCAAGTTAAAATAAGGCTAGTCCGTTATCAACTTGAAAAAGTGGGACCGAGTCGGTCC,TCTGCCATCA,AGCGT,CGTGCTCAGTCTG,TTTTTGAGACCTCCCTA,ttatagtattagtagtagttcaggtagatcgtattcctagatagtctattatagtagatctagatctatgctagagctgagatcgtaaattagctagataTAGTGAGGTCTCGGTGCGAGGGCCTATTTCCCATGATTCCTTCATATTTGCATTTTCGATTTCTTGGCTTTATATATC TTGTGGAAAGGACGAAACGGCCCAGACTGAGCACGTGAGTTTTAGAGCTAGAAATAGCAAGTTAAAATAAGGCTAGTCCGTTATCAACTTGAAAAAGTGGGACCGAGTCGGTCCTCTGCCATCAAGCGTCGTGCTCAGTCTGTTTTTGAGACCTCCCTA,1,SPH_OCT_TATA_RNU6-1p,2
SPH_OCT_TATA_RNU6-1p_3,ttatagtattagtagtagttcaggtagatcgtattcctagatagtctattatagtagatctagatctatgctagagctgagatcgtaaattagctagata,TAGTGAGGTCTCGGTGC,,GAGGGCCTATTTCCCATGATTCCTTCATATTTGCATTTTCGATTTCTTGGCTTTATATATC TTGTGGAAAGGACGAAAC,GGCCCAGACTGAGCACGTGA,GTTTT,AGAGCTAGAAATAGCAAGTTAAAATAAGGCTAGTCCGTTATCAACTTGAAAAAGTGGGACCGAGTCGGTCC,TCTGCCATCA,CAGAT,CGTGCTCAGTCTG,TTTTTGAGACCTCCCTA,ttatagtattagtagtagttcaggtagatcgtattcctagatagtctattatagtagatctagatctatgctagagctgagatcgtaaattagctagataTAGTGAGGTCTCGGTGCGAGGGCCTATTTCCCATGATTCCTTCATATTTGCATTTTCGATTTCTTGGCTTTATATATC TTGTGGAAAGGACGAAACGGCCCAGACTGAGCACGTGAGTTTTAGAGCTAGAAATAGCAAGTTAAAATAAGGCTAGTCCGTTATCAACTTGAAAAAGTGGGACCGAGTCGGTCCTCTGCCATCACAGATCGTGCTCAGTCTGTTTTTGAGACCTCCCTA,1,SPH_OCT_TATA_RNU6-1p,3
SPH_OCT_TATA_RNU6-1p_4,ttatagtattagtagtagttcaggtagatcgtattcctagatagtctattatagtagatctagatctatgctagagctgagatcgtaaattagctagata,TAGTGAGGTCTCGGTGC,,GAGGGCCTATTTCCCATGATTCCTTCATATTTGCATTTTCGATTTCTTGGCTTTATATATC TTGTGGAAAGGACGAAAC,GGCCCAGACTGAGCACGTGA,GTTTT,AGAGCTAGAAATAGCAAGTTAAAATAAGGCTAGTCCGTTATCAACTTGAAAAAGTGGGACCGAGTCGGTCC,TCTGCCATCA,TTCAG,CGTGCTCAGTCTG,TTTTTGAGACCTCCCTA,ttatagtattagtagtagttcaggtagatcgtattcctagatagtctattatagtagatctagatctatgctagagctgagatcgtaaattagctagataTAGTGAGGTCTCGGTGCGAGGGCCTATTTCCCATGATTCCTTCATATTTGCATTTTCGATTTCTTGGCTTTATATATC TTGTGGAAAGGACGAAACGGCCCAGACTGAGCACGTGAGTTTTAGAGCTAGAAATAGCAAGTTAAAATAAGGCTAGTCCGTTATCAACTTGAAAAAGTGGGACCGAGTCGGTCCTCTGCCATCATTCAGCGTGCTCAGTCTGTTTTTGAGACCTCCCTA,1,SPH_OCT_TATA_RNU6-1p,4
MinH1_1,ttatagtattagtagtagttcaggtagatcgtattcctagatagtctattatagtagatctagatctatgctagagctgagatcgtaaattagctagata,TAGTGAGGTCTCGGTGC,,AATATTTGCATGTCGCTATGTGTTCTGGGAAATCACCATAAACGTGAAATGTCTTTGGATTTGGGAATCTTATAAGTTCTGTATGACACCACTCTTTCCC,GGCCCAGACTGAGCACGTGA,GTTTT,AGAGCTAGAAATAGCAAGTTAAAATAAGGCTAGTCCGTTATCAACTTGAAAAAGTGGGACCGAGTCGGTCC,TCTGCCATCA,GGGGT,CGTGCTCAGTCTG,TTTTTGAGACCTCCCTA,ttatagtattagtagtagttcaggtagatcgtattcctagatagtctattatagtagatctagatctatgctagagctgagatcgtaaattagctagataTAGTGAGGTCTCGGTGCAATATTTGCATGTCGCTATGTGTTCTGGGAAATCACCATAAACGTGAAATGTCTTTGGATTTGGGAATCTTATAAGTTCTGTATGACACCACTCTTTCCCGGCCCAGACTGAGCACGTGAGTTTTAGAGCTAGAAATAGCAAGTTAAAATAAGGCTAGTCCGTTATCAACTTGAAAAAGTGGGACCGAGTCGGTCCTCTGCCATCAGGGGTCGTGCTCAGTCTGTTTTTGAGACCTCCCTA,1,MinH1,1
MinH1_2,ttatagtattagtagtagttcaggtagatcgtattcctagatagtctattatagtagatctagatctatgctagagctgagatcgtaaattagctagata,TAGTGAGGTCTCGGTGC,,AATATTTGCATGTCGCTATGTGTTCTGGGAAATCACCATAAACGTGAAATGTCTTTGGATTTGGGAATCTTATAAGTTCTGTATGACACCACTCTTTCCC,GGCCCAGACTGAGCACGTGA,GTTTT,AGAGCTAGAAATAGCAAGTTAAAATAAGGCTAGTCCGTTATCAACTTGAAAAAGTGGGACCGAGTCGGTCC,TCTGCCATCA,CTGCG,CGTGCTCAGTCTG,TTTTTGAGACCTCCCTA,ttatagtattagtagtagttcaggtagatcgtattcctagatagtctattatagtagatctagatctatgctagagctgagatcgtaaattagctagataTAGTGAGGTCTCGGTGCAATATTTGCATGTCGCTATGTGTTCTGGGAAATCACCATAAACGTGAAATGTCTTTGGATTTGGGAATCTTATAAGTTCTGTATGACACCACTCTTTCCCGGCCCAGACTGAGCACGTGAGTTTTAGAGCTAGAAATAGCAAGTTAAAATAAGGCTAGTCCGTTATCAACTTGAAAAAGTGGGACCGAGTCGGTCCTCTGCCATCACTGCGCGTGCTCAGTCTGTTTTTGAGACCTCCCTA,1,MinH1,2
MinH1_3,ttatagtattagtagtagttcaggtagatcgtattcctagatagtctattatagtagatctagatctatgctagagctgagatcgtaaattagctagata,TAGTGAGGTCTCGGTGC,,AATATTTGCATGTCGCTATGTGTTCTGGGAAATCACCATAAACGTGAAATGTCTTTGGATTTGGGAATCTTATAAGTTCTGTATGACACCACTCTTTCCC,GGCCCAGACTGAGCACGTGA,GTTTT,AGAGCTAGAAATAGCAAGTTAAAATAAGGCTAGTCCGTTATCAACTTGAAAAAGTGGGACCGAGTCGGTCC,TCTGCCATCA,CGCAG,CGTGCTCAGTCTG,TTTTTGAGACCTCCCTA,ttatagtattagtagtagttcaggtagatcgtattcctagatagtctattatagtagatctagatctatgctagagctgagatcgtaaattagctagataTAGTGAGGTCTCGGTGCAATATTTGCATGTCGCTATGTGTTCTGGGAAATCACCATAAACGTGAAATGTCTTTGGATTTGGGAATCTTATAAGTTCTGTATGACACCACTCTTTCCCGGCCCAGACTGAGCACGTGAGTTTTAGAGCTAGAAATAGCAAGTTAAAATAAGGCTAGTCCGTTATCAACTTGAAAAAGTGGGACCGAGTCGGTCCTCTGCCATCACGCAGCGTGCTCAGTCTGTTTTTGAGACCTCCCTA,1,MinH1,3
MinH1_4,ttatagtattagtagtagttcaggtagatcgtattcctagatagtctattatagtagatctagatctatgctagagctgagatcgtaaattagctagata,TAGTGAGGTCTCGGTGC,,AATATTTGCATGTCGCTATGTGTTCTGGGAAATCACCATAAACGTGAAATGTCTTTGGATTTGGGAATCTTATAAGTTCTGTATGACACCACTCTTTCCC,GGCCCAGACTGAGCACGTGA,GTTTT,AGAGCTAGAAATAGCAAGTTAAAATAAGGCTAGTCCGTTATCAACTTGAAAAAGTGGGACCGAGTCGGTCC,TCTGCCATCA,CGCAT,CGTGCTCAGTCTG,TTTTTGAGACCTCCCTA,ttatagtattagtagtagttcaggtagatcgtattcctagatagtctattatagtagatctagatctatgctagagctgagatcgtaaattagctagataTAGTGAGGTCTCGGTGCAATATTTGCATGTCGCTATGTGTTCTGGGAAATCACCATAAACGTGAAATGTCTTTGGATTTGGGAATCTTATAAGTTCTGTATGACACCACTCTTTCCCGGCCCAGACTGAGCACGTGAGTTTTAGAGCTAGAAATAGCAAGTTAAAATAAGGCTAGTCCGTTATCAACTTGAAAAAGTGGGACCGAGTCGGTCCTCTGCCATCACGCATCGTGCTCAGTCTGTTTTTGAGACCTCCCTA,1,MinH1,4